# 1.5.7~1.5.8 ç”¨å¤–è¿æ¥æ±‚å·®é›†

## å‡†å¤‡æ•°æ®:
```sql
create table class_a2(
    id int not null,
    name varchar(100) not null 
);
insert into class_a2(id, name)
            values(1, 'ç”°ä¸­'),
                (2, 'é“ƒæœ¨'),
                (3, 'å°¹é›†é™¢');
/*
 id |  name
----+--------
  1 | ç”°ä¸­
  2 | é“ƒæœ¨
  3 | å°¹é›†é™¢
(3 rows)
*/

create table class_b2(
    id int not null,
    name varchar(100) not null
);
insert into class_b2(id, name)
            values(1, 'ç”°ä¸­'),
                (2, 'é“ƒæœ¨'),
                (4, 'è¥¿å›­å¯º');
/*
 id |  name
----+--------
  1 | ç”°ä¸­
  2 | é“ƒæœ¨
  4 | è¥¿å›­å¯º
(3 rows)
*/
```

## æ€è·¯:

### æ€è·¯ä¸€(ä½¿ç”¨äº†å…³è”å­æŸ¥è¯¢, æ€§èƒ½ä¼šä¸å¤ªå¥½):

```sql
select * from class_a2
    where not exists (select *
                        from class_b2
                    where class_b2.id = class_a2.id);
/*
 id |  name
----+--------
  3 | å°¹é›†é™¢
(1 row)
*/
```

### æ€è·¯äºŒ(ä½¿ç”¨å·¦æˆ–å³å¤–è¿æ¥å–è¡¥é›†):

```sql
select a.id, a.name
    from class_a2 a
        left outer join class_b2 b
            on a.id = b.id
where b.name is null;
/*
 id |  name
----+--------
  3 | å°¹é›†é™¢
(1 row)
*/
```

ğŸ¤“è™½ç„¶ä½¿ç”¨å¤–è¿æ¥æ¥æ±‚è¡¥é›†/å·®é›†ä¸ç¬¦åˆå¤–è¿æ¥è®¾è®¡çš„ç›®çš„, ä½†æ˜¯å¯¹äºæ”¯æŒå·®é›†è¿ç®—çš„æ•°æ®åº“, è¿™ç§æ–¹å¼æ¯”not inå’Œnot existså†™æ³•åœ¨æ€§èƒ½ä½˜æ˜‚æ›´åŠ é«˜æ•ˆ


