# 1.5.3 在交叉表里制作嵌套式表侧栏

## 问题:
### 准备数据:
```sql
create table tbl_age(
    age_class int not null, -- 年龄层级
    age_range varchar(100) not null -- 年龄
);
insert into tbl_age(age_class, age_range)
                    values(1, '21岁~30岁'),
                            (2, '31岁~40岁'),
                            (3, '41岁~50岁');
/*
 age_class | age_range
-----------+-----------
         1 | 21岁~30岁
         2 | 31岁~40岁
         3 | 41岁~50岁
(3 rows)
*/

create table tbl_sex(
    sex_cd varchar(10) not null, -- 性别编号
    sex varchar(10) -- 性别
);
insert into tbl_sex(sex_cd, sex)
            values('m', '男'),
                    ('f', '女');
/*
 sex_cd | sex
--------+-----
 m      | 男
 f      | 女
(2 rows)
*/

create table tbl_pop(
    pref_name varchar(100) not null,
    age_class int not null,
    sex_cd  varchar(100) not null,
    population int not null
);
insert into tbl_pop(pref_name, age_class, sex_cd, population)
            values('秋田', 1, 'm', 400),
                    ('秋田', 3, 'm', 1000),
                    ('秋田', 1, 'f', 800),
                    ('秋田', 3, 'f', 1000),
                    ('青森', 1, 'm', 700),
                    ('青森', 1, 'f', 500),
                    ('青森', 3, 'f', 800),
                    ('东京', 1, 'm', 900),
                    ('东京', 1, 'f', 1500),
                    ('东京', 3, 'f', 1200),
                    ('千叶', 1, 'm', 900),
                    ('千叶', 1, 'f', 1000),
                    ('千叶', 3, 'f', 900);
/*
 pref_name | age_class | sex_cd | population
-----------+-----------+--------+------------
 秋田      |         1 | m      |        400
 秋田      |         3 | m      |       1000
 秋田      |         1 | f      |        800
 秋田      |         3 | f      |       1000
 青森      |         1 | m      |        700
 青森      |         1 | f      |        500
 青森      |         3 | f      |        800
 东京      |         1 | m      |        900
 东京      |         1 | f      |       1500
 东京      |         3 | f      |       1200
 千叶      |         1 | m      |        900
 千叶      |         1 | f      |       1000
 千叶      |         3 | f      |        900
(13 rows)
*/
```

### 问题:
生成嵌套式表侧栏的统计表:

<img width="194" alt="p79包含嵌套式表侧栏的统计表" src="https://user-images.githubusercontent.com/19871320/71862137-d4b5d180-3133-11ea-8de7-92debedb44fc.png">

```textmate
age_range | sex | pop_tohoko | pop_kanto
-----------+-----+------------+-----------
 21岁~30岁 | 男  |       1100 |      1800
 21岁~30岁 | 女  |       1300 |      2500
 31岁~40岁 | 男  |            |
 31岁~40岁 | 女  |            |
 41岁~50岁 | 男  |       1000 |
 41岁~50岁 | 女  |       1800 |      2100
```

## 解法:

```sql
select age_sex.age_range as age_range,
        age_sex.sex as  sex,
        case when sum(case when tbl_pop.pref_name  in ('青森', '秋田') then population else 0 end) > 0
                then sum(case when tbl_pop.pref_name  in ('青森', '秋田') then population else 0 end)
            else null end  as pop_tohoko,
        case when sum(case when tbl_pop.pref_name in ('东京', '千叶') then population else 0 end) > 0
                then sum(case when tbl_pop.pref_name in ('东京', '千叶') then population else 0 end)
            else null end  as pop_kanto
    from (select * from tbl_sex, tbl_age) as age_sex
        left outer join tbl_pop
            on tbl_pop.age_class = age_sex.age_class
            and age_sex.sex_cd = tbl_pop.sex_cd
group by age_sex.age_range, age_sex.sex
order by age_range, sex desc;
/*
 age_range | sex | pop_tohoko | pop_kanto
-----------+-----+------------+-----------
 21岁~30岁 | 男  |       1100 |      1800
 21岁~30岁 | 女  |       1300 |      2500
 31岁~40岁 | 男  |            |
 31岁~40岁 | 女  |            |
 41岁~50岁 | 男  |       1000 |
 41岁~50岁 | 女  |       1800 |      2100
*/
```


















